{
  "loss": [
    2.4186451360583305,
    1.3392567187547684,
    1.1812833696603775,
    1.0857129096984863,
    1.0390127077698708,
    0.9154173210263252,
    0.8730622120201588,
    0.8583283573389053,
    0.8421413525938988,
    0.790393128991127,
    0.7743203714489937,
    0.7708252556622028,
    0.7444655001163483,
    0.7281037345528603,
    0.7424296252429485,
    0.7400476150214672,
    0.7222374528646469,
    0.7017508931457996,
    0.6953864619135857,
    0.7314641252160072
  ],
  "acc": [
    0.37199997901916504,
    0.7540000677108765,
    0.7860000133514404,
    0.8270000219345093,
    0.8510000109672546,
    0.9020000100135803,
    0.9230000376701355,
    0.9259999990463257,
    0.9369999766349792,
    0.9480000138282776,
    0.9540000557899475,
    0.9559999704360962,
    0.9660000205039978,
    0.9710000157356262,
    0.9660000205039978,
    0.9620000123977661,
    0.9730000495910645,
    0.9760000705718994,
    0.9810000061988831,
    0.9639999866485596
  ],
  "val_loss": [
    1.1106912568211555,
    0.651172649115324,
    0.5294486684724689,
    0.5784235987812281,
    0.398720420897007,
    0.4209389630705118,
    0.3918018462136388,
    0.3594987979158759,
    0.42547679133713245,
    0.34436945151537657,
    0.33057665079832077,
    0.3411638280376792,
    0.37379611749202013,
    0.3918488835915923,
    0.35388271789997816,
    0.31037857104092836,
    0.32897530449554324,
    0.3753485716879368,
    0.3331923736259341,
    0.36566113866865635
  ],
  "val_acc": [
    0.8209999799728394,
    0.8420000076293945,
    0.843999981880188,
    0.8350000381469727,
    0.8859999775886536,
    0.8949999809265137,
    0.9089999794960022,
    0.9150000810623169,
    0.8880000114440918,
    0.918999969959259,
    0.9190000295639038,
    0.9269999861717224,
    0.9180000424385071,
    0.9120000600814819,
    0.9220000505447388,
    0.9399999976158142,
    0.9259999990463257,
    0.9229999780654907,
    0.9269999861717224,
    0.9210000038146973
  ]
}