{
  "loss": [
    3.000228390097618,
    2.7537041157484055,
    2.620950400829315,
    2.5289321839809418,
    2.4637723714113235,
    2.444564327597618,
    2.37270450592041,
    2.2956494987010956,
    2.1834486722946167,
    2.170992001891136,
    2.1644154340028763,
    2.099555589258671,
    2.1130194514989853,
    1.9868493229150772,
    2.048211932182312,
    1.945761539041996,
    1.9411096572875977,
    1.8790221512317657,
    1.8622329905629158,
    1.8427066132426262,
    1.8312465399503708,
    1.7905787453055382,
    1.8026218712329865,
    1.7648887783288956,
    1.7674336433410645,
    1.746579222381115,
    1.7375652864575386,
    1.7423722743988037,
    1.6636682450771332,
    1.800640158355236,
    1.6986176669597626,
    1.685732014477253,
    1.692959763109684,
    1.7062749192118645,
    1.835596725344658,
    1.682328388094902,
    1.690760612487793,
    1.7497006207704544,
    1.7157713919878006,
    1.755446881055832
  ],
  "acc": [
    0.0729999989271164,
    0.1459999978542328,
    0.1979999840259552,
    0.2150000035762787,
    0.25600001215934753,
    0.2590000033378601,
    0.26100000739097595,
    0.2800000011920929,
    0.3190000057220459,
    0.31199997663497925,
    0.33799999952316284,
    0.34299999475479126,
    0.343999981880188,
    0.382999986410141,
    0.37199997901916504,
    0.38700002431869507,
    0.39100000262260437,
    0.41999998688697815,
    0.41999998688697815,
    0.429999977350235,
    0.4339999854564667,
    0.4659999907016754,
    0.44699999690055847,
    0.4830000102519989,
    0.4729999899864197,
    0.49399998784065247,
    0.4820000231266022,
    0.49000000953674316,
    0.48399999737739563,
    0.4580000042915344,
    0.49000000953674316,
    0.47599998116493225,
    0.4909999966621399,
    0.49000000953674316,
    0.45500001311302185,
    0.5059999823570251,
    0.4949999749660492,
    0.48100000619888306,
    0.48399999737739563,
    0.4819999933242798
  ],
  "val_loss": [
    2.7533517330884933,
    2.499897927045822,
    2.3461246863007545,
    2.2968448624014854,
    2.289783999323845,
    2.245242729783058,
    2.0957124531269073,
    2.055749610066414,
    2.0189385414123535,
    2.102484092116356,
    2.0146067328751087,
    1.979021318256855,
    1.9425182193517685,
    1.941257357597351,
    1.9344817101955414,
    1.9106900319457054,
    1.8951782584190369,
    1.8707018196582794,
    1.8562300726771355,
    1.856233038008213,
    1.8457636758685112,
    1.8368919044733047,
    1.8419926911592484,
    1.83102148771286,
    1.8330041952431202,
    1.8266170360147953,
    1.8304068520665169,
    1.8293779529631138,
    1.8293908536434174,
    1.8289748802781105,
    1.8289748802781105,
    1.828467719256878,
    1.8277558609843254,
    1.822566483169794,
    1.8262247145175934,
    1.8291858062148094,
    1.83130569383502,
    1.8282583728432655,
    1.8150629177689552,
    1.8354921601712704
  ],
  "val_acc": [
    0.1379999965429306,
    0.21199999749660492,
    0.24500000476837158,
    0.23600000143051147,
    0.26499998569488525,
    0.2840000092983246,
    0.3179999887943268,
    0.335999995470047,
    0.34700000286102295,
    0.29600000381469727,
    0.3569999933242798,
    0.3499999940395355,
    0.37700000405311584,
    0.38200002908706665,
    0.3819999694824219,
    0.3720000088214874,
    0.39800000190734863,
    0.4009999930858612,
    0.40199998021125793,
    0.4059999883174896,
    0.41200000047683716,
    0.4020000100135803,
    0.41200000047683716,
    0.41100001335144043,
    0.41200000047683716,
    0.41600000858306885,
    0.41200000047683716,
    0.4090000092983246,
    0.41100001335144043,
    0.41200000047683716,
    0.41200000047683716,
    0.41100001335144043,
    0.4090000092983246,
    0.4169999957084656,
    0.4129999876022339,
    0.42100000381469727,
    0.41200000047683716,
    0.39899998903274536,
    0.421999990940094,
    0.4050000011920929
  ]
}