{
  "loss": [
    2.9999065846204758,
    2.662301003932953,
    2.5965628027915955,
    2.5622481405735016,
    2.439082831144333,
    2.3885364830493927,
    2.1914477050304413,
    2.3536584451794624,
    2.158065505325794,
    2.0979743748903275,
    2.0875354036688805,
    2.083887606859207,
    1.9976894930005074,
    2.069828860461712,
    2.018441431224346,
    1.8165341466665268,
    1.6971742510795593,
    1.7383624017238617,
    1.7315655127167702,
    1.7257073298096657,
    1.6497347354888916,
    1.7245163396000862,
    1.7894392758607864,
    1.6666343435645103,
    1.6798835322260857,
    1.6107569485902786,
    1.5407459139823914,
    1.5285663083195686,
    1.5449199303984642,
    1.4338495433330536,
    1.3662964925169945,
    1.23639377951622,
    1.2311567030847073,
    1.1501494608819485,
    1.2230894826352596,
    1.1596539467573166,
    1.1596970409154892,
    1.370901931077242,
    1.2525464966893196,
    1.2427353858947754,
    1.1960160844027996,
    1.2981830388307571,
    1.2756027579307556,
    1.3133406043052673,
    1.3362640999257565,
    1.0878840275108814,
    1.0510603599250317,
    1.0710481107234955,
    1.2428609021008015,
    1.064589761197567,
    1.1552192196249962,
    1.1819736883044243,
    1.1238869950175285,
    1.0343355052173138,
    1.0150617770850658,
    1.1948247961699963,
    1.1595725491642952,
    0.9213035963475704,
    1.1596964709460735,
    1.0538260117173195
  ],
  "acc": [
    0.11600000411272049,
    0.18799999356269836,
    0.21000000834465027,
    0.25599998235702515,
    0.2529999911785126,
    0.2919999957084656,
    0.328000009059906,
    0.3179999887943268,
    0.36000001430511475,
    0.3790000081062317,
    0.3930000066757202,
    0.41200003027915955,
    0.42900002002716064,
    0.4300000071525574,
    0.42799997329711914,
    0.4959999918937683,
    0.49799996614456177,
    0.48500001430511475,
    0.4999999701976776,
    0.5559999942779541,
    0.5400000214576721,
    0.5360000133514404,
    0.5419999957084656,
    0.5889999866485596,
    0.5640000104904175,
    0.5720000267028809,
    0.578000009059906,
    0.6119999885559082,
    0.5849999785423279,
    0.6389999985694885,
    0.6690000295639038,
    0.6740000247955322,
    0.6959999799728394,
    0.718999981880188,
    0.7089999914169312,
    0.7379999756813049,
    0.7359999418258667,
    0.7239999771118164,
    0.7410000562667847,
    0.718999981880188,
    0.7309999465942383,
    0.7369999885559082,
    0.7519999742507935,
    0.6949999332427979,
    0.753000020980835,
    0.7889999747276306,
    0.777999997138977,
    0.812000036239624,
    0.7680000066757202,
    0.7849999666213989,
    0.777999997138977,
    0.7960000038146973,
    0.7599999904632568,
    0.7900000214576721,
    0.8070000410079956,
    0.7740000486373901,
    0.7609999775886536,
    0.8070000410079956,
    0.7580000162124634,
    0.8029999732971191
  ],
  "val_loss": [
    4.006114237010479,
    3.7072307765483856,
    2.531163364648819,
    2.237712785601616,
    2.1538135781884193,
    2.2549903988838196,
    1.980563960969448,
    1.9038172140717506,
    2.0615155585110188,
    2.0377128571271896,
    1.7919229418039322,
    1.7757900804281235,
    1.8862917013466358,
    1.6047767288982868,
    1.5623189434409142,
    1.6251572780311108,
    1.5165736824274063,
    1.549277424812317,
    1.5588064081966877,
    1.4372548460960388,
    1.5611674301326275,
    1.4627193063497543,
    1.4122487492859364,
    1.3202574215829372,
    1.4623718932271004,
    1.555133905261755,
    1.4674295037984848,
    1.4551838114857674,
    1.3379933685064316,
    1.2778107076883316,
    1.2654077634215355,
    1.2289675194770098,
    1.2499948889017105,
    1.2154431976377964,
    1.1360934674739838,
    1.1507026478648186,
    1.1722835898399353,
    1.1806189082562923,
    1.1289138309657574,
    1.144229467958212,
    1.152390979230404,
    1.1371811926364899,
    1.1296595633029938,
    1.1263133585453033,
    1.1253864765167236,
    1.1137011758983135,
    1.10671416670084,
    1.1012454256415367,
    1.1075630895793438,
    1.1052319444715977,
    1.1020663268864155,
    1.1075360253453255,
    1.1066780053079128,
    1.1050780974328518,
    1.0891862623393536,
    1.0894158855080605,
    1.096132755279541,
    1.0865153968334198,
    1.1100776568055153,
    1.1357186064124107
  ],
  "val_acc": [
    0.14800000190734863,
    0.16200000047683716,
    0.23900000751018524,
    0.28200000524520874,
    0.2939999997615814,
    0.2929999828338623,
    0.3499999940395355,
    0.3489999771118164,
    0.3400000035762787,
    0.3499999940395355,
    0.42900002002716064,
    0.4150000214576721,
    0.38599997758865356,
    0.4729999899864197,
    0.4750000238418579,
    0.4540000259876251,
    0.503000020980835,
    0.4710000157356262,
    0.503000020980835,
    0.5049999952316284,
    0.4860000014305115,
    0.5309999585151672,
    0.5499999523162842,
    0.5600000619888306,
    0.5349999666213989,
    0.4950000047683716,
    0.527999997138977,
    0.5220000147819519,
    0.5729999542236328,
    0.5870000123977661,
    0.593999981880188,
    0.6130000352859497,
    0.5880000591278076,
    0.6290000081062317,
    0.6419999599456787,
    0.628000020980835,
    0.6340000033378601,
    0.625,
    0.6369999647140503,
    0.628000020980835,
    0.6460000276565552,
    0.6340000033378601,
    0.6430000066757202,
    0.6380000114440918,
    0.6359999775886536,
    0.6589999794960022,
    0.6579999923706055,
    0.6620000600814819,
    0.6550000309944153,
    0.6549999713897705,
    0.659000039100647,
    0.6540000438690186,
    0.652999997138977,
    0.6599999666213989,
    0.6670000553131104,
    0.6640000343322754,
    0.656000018119812,
    0.6610000133514404,
    0.6629999876022339,
    0.6539999842643738
  ]
}