{
  "loss": [
    2.993800575771029,
    2.960727578117734,
    2.940931725123572,
    2.9355505004761713,
    2.925067791863093,
    2.901525444454617,
    2.8994458440750366,
    2.8926957788921537,
    2.8885194309174067,
    2.879357175221519,
    2.8715752495659723,
    2.877863679613386,
    2.871733196197994,
    2.8607894276815746,
    2.8593923591432118,
    2.852735470211695,
    2.8422624875628757,
    2.8397892997378396,
    2.8327650229136148,
    2.8286891248491077,
    2.8251296830555748,
    2.8222812508779858,
    2.8210085497962103,
    2.8087756028251043,
    2.8064394905453636,
    2.7978843999287437,
    2.8049857389359247,
    2.7887748196011497,
    2.7948509700714594,
    2.782744540108575
  ],
  "acc": [
    0.054999999701976776,
    0.11400000751018524,
    0.13499999046325684,
    0.13699999451637268,
    0.1469999998807907,
    0.17399999499320984,
    0.17499999701976776,
    0.18199998140335083,
    0.19299998879432678,
    0.20399999618530273,
    0.21199999749660492,
    0.20399999618530273,
    0.2150000035762787,
    0.23100000619888306,
    0.2199999988079071,
    0.24199998378753662,
    0.2499999850988388,
    0.2549999952316284,
    0.25599998235702515,
    0.26999998092651367,
    0.2750000059604645,
    0.28200000524520874,
    0.28299999237060547,
    0.29100000858306885,
    0.30000001192092896,
    0.3149999976158142,
    0.29499998688697815,
    0.32600000500679016,
    0.31599998474121094,
    0.32999998331069946
  ],
  "val_loss": [
    2.980868173024011,
    2.966393508608379,
    2.9426739669981457,
    2.9287702356066023,
    2.9144703812069364,
    2.9082952264755493,
    2.91041462383573,
    2.8996323630923317,
    2.899453681612772,
    2.8915844758351645,
    2.898729986614651,
    2.892408083355616,
    2.9132187971993098,
    2.8912047507270935,
    2.8874020008813766,
    2.893429820499723,
    2.8820033792465454,
    2.8808420158567882,
    2.878926220394316,
    2.8865987232753207,
    2.8952351713937428,
    2.8807893102131192,
    2.87447364368136,
    2.8705947701893155,
    2.875229339750986,
    2.872123078694419,
    2.8714422119988336,
    2.8672459579649425,
    2.875409054377722,
    2.8623583884466264
  ],
  "val_acc": [
    0.09100000560283661,
    0.10099999606609344,
    0.1290000081062317,
    0.14399999380111694,
    0.1599999964237213,
    0.16599999368190765,
    0.15700000524520874,
    0.17399999499320984,
    0.17599999904632568,
    0.17800000309944153,
    0.171999990940094,
    0.18599998950958252,
    0.1599999964237213,
    0.17900000512599945,
    0.19099999964237213,
    0.19299998879432678,
    0.21699999272823334,
    0.19499999284744263,
    0.2070000022649765,
    0.1899999976158142,
    0.17399999499320984,
    0.19200000166893005,
    0.20600000023841858,
    0.21399998664855957,
    0.20600000023841858,
    0.2110000103712082,
    0.2150000035762787,
    0.21599999070167542,
    0.20499999821186066,
    0.23599998652935028
  ]
}